{"cameraMode":{"drawMode":0,"name":"Shaded","section":"Shading Mode"},"sceneLighting":true,"audioPlay":false,"sceneViewState":{"showFog":true,"showMaterialUpdate":false,"showSkybox":true,"showFlares":true,"showImageEffects":true,"showParticleSystems":true},"in2DMode":false,"pivot":{"x":-2.8156661987304689,"y":2.17399263381958,"z":0.045061782002449039},"rotation":{"x":0.09657647460699082,"y":0.691771924495697,"z":-0.09418278187513352,"w":0.7094097137451172},"size":12.992507934570313,"orthographic":false}